Add to Cart,Add to Basket
Check items to add to the cart or,Check items to add to the basket or
Maximum Qty Allowed in Shopping Cart,Maximum Qty Allowed in Shopping Basket
Minimum Qty Allowed in Shopping Cart,Minimum Qty Allowed in Shopping Basket
"These ""impulse-buy"" products appear next to the shopping cart as cross-sells to the items already in the shopping cart.","These ""impulse-buy"" products appear next to the shopping cart as cross-sells to the items already in the shopping Basket."
We can't add the product to the cart because of an option validation issue.,We can't add the product to the basket because of an option validation issue.
Add To Cart,Add To Basket
Be the first to review this product,Write a review
View Cart,View Basket
Free Fabric Sample Available - Click Here To Add,Order Free Sample Swatch
Are you sure you would like to remove this item from the shopping cart?,Are you sure you would like to remove this item from the shopping basket?
Cart,Basket
Cancel Coupon,Cancel
Subscribe,Submit
